-- TYPECAPTURE
INSERT INTO BuildControl.dbo.TYPECAPTURE (LIBELLE) VALUES (N'drone');
INSERT INTO BuildControl.dbo.TYPECAPTURE (LIBELLE) VALUES (N'matterport');

-- CORPSMETIER
INSERT INTO BuildControl.dbo.CORPSMETIER (LIBELLE) VALUES (N'maçon');
INSERT INTO BuildControl.dbo.CORPSMETIER (LIBELLE) VALUES (N'électricien');   
INSERT INTO BuildControl.dbo.CORPSMETIER (LIBELLE) VALUES (N'plombier zingueur');

-- SOUSTRAITANT
INSERT INTO BuildControl.dbo.SOUSTRAITANT (LIBELLE, ADRESSE) VALUES (N'Azur Elec', N' 23 avenue du maréchal Juin 33160 St Aubin de Médoc');
INSERT INTO BuildControl.dbo.SOUSTRAITANT (LIBELLE, ADRESSE) VALUES (N'Etbs NovoPlomberie', N'334 avenue de Rouli 33300 Bordeaux');
INSERT INTO BuildControl.dbo.SOUSTRAITANT (LIBELLE, ADRESSE) VALUES (N'GP Fondation SA', N'3 rue du Bourg 33520 BRUGES');
INSERT INTO BuildControl.dbo.SOUSTRAITANT (LIBELLE, ADRESSE) VALUES (N'Maçon &  Fils', N'42 rue de la maçonnerie 38090 ROCHE');

-- CORPSMETIER SOUSTRAITANT
INSERT INTO BuildControl.dbo.CORPSMETIERSSTT (IDSOUSTRAITANT,IDCORPSMETIER) VALUES (1,2);
INSERT INTO BuildControl.dbo.CORPSMETIERSSTT (IDSOUSTRAITANT,IDCORPSMETIER) VALUES (2,3);
INSERT INTO BuildControl.dbo.CORPSMETIERSSTT (IDSOUSTRAITANT,IDCORPSMETIER) VALUES (3,1);
INSERT INTO BuildControl.dbo.CORPSMETIERSSTT (IDSOUSTRAITANT,IDCORPSMETIER) VALUES (4,1);

-- PROJET
INSERT INTO BuildControl.dbo.PROJET (LIBELLE) VALUES (N'Lotissement des Anges');
INSERT INTO BuildControl.dbo.PROJET (LIBELLE) VALUES (N'Résidence les Capucines');

-- CHANTIER
INSERT INTO BuildControl.dbo.CHANTIER (IDPROJET, ADRESSE, DATEDEBUT, DATEFIN) VALUES (1, N'Saint Aubin de Médoc', '20190101', '20201231');
INSERT INTO BuildControl.dbo.CHANTIER (IDPROJET, ADRESSE, DATEDEBUT, DATEFIN) VALUES (2, N'Gujan Mestras', '20200101', '20200309');

--CHANTIERSSTT
INSERT INTO BuildControl.dbo.CHANTIERSSTT (IDCHANTIER, IDSOUSTRAITANT) VALUES (1, 1);
INSERT INTO BuildControl.dbo.CHANTIERSSTT (IDCHANTIER, IDSOUSTRAITANT) VALUES (1, 2);
INSERT INTO BuildControl.dbo.CHANTIERSSTT (IDCHANTIER, IDSOUSTRAITANT) VALUES (1, 3);
INSERT INTO BuildControl.dbo.CHANTIERSSTT (IDCHANTIER, IDSOUSTRAITANT) VALUES (1, 4);
INSERT INTO BuildControl.dbo.CHANTIERSSTT (IDCHANTIER, IDSOUSTRAITANT) VALUES (2, 1);
INSERT INTO BuildControl.dbo.CHANTIERSSTT (IDCHANTIER, IDSOUSTRAITANT) VALUES (2, 3);

--INCIDENT
INSERT INTO BuildControl.dbo.INCIDENT (LIBELLE) VALUES (N'Montage défectueux compteurs');
INSERT INTO BuildControl.dbo.INCIDENT (LIBELLE) VALUES (N'Carence rouleau cable 0.2');
INSERT INTO BuildControl.dbo.INCIDENT (LIBELLE) VALUES (N'Carence ciment fondation Nord-Est');

--CAPTURE
INSERT INTO BuildControl.dbo.CAPTURE (IDTYPECAPTURE, IDINCIDENT, IDCHANTIER, REFERENCE, DATE, COORDONNEESGPS, JALON, ETAPECAPTURE) VALUES (1, null, 2, N'#00234', N'2020-09-21 18:39:00.000', N'44.634074, -1.083128', N'Excavation / Fondations', N'Stockage matériel');
INSERT INTO BuildControl.dbo.CAPTURE (IDTYPECAPTURE, IDINCIDENT, IDCHANTIER, REFERENCE, DATE, COORDONNEESGPS, JALON, ETAPECAPTURE) VALUES (1, null, 2, N'#00235', N'2020-09-28 18:29:00.000', N'44.634074, -1.083128', N'Excavation / Fondations', N'Etat fondations');
INSERT INTO BuildControl.dbo.CAPTURE (IDTYPECAPTURE, IDINCIDENT, IDCHANTIER, REFERENCE, DATE, COORDONNEESGPS, JALON, ETAPECAPTURE) VALUES (1, null, 2, N'#00236', N'2020-10-05 18:12:00.000', N'44.634074, -1.083128', N'Installation Grues', N'Banchage');

INSERT INTO BuildControl.dbo.CAPTURE (IDTYPECAPTURE, IDINCIDENT, IDCHANTIER, REFERENCE, DATE, COORDONNEESGPS, JALON, ETAPECAPTURE) VALUES (2, 2, 1, N'#00122', N'2020-10-19 08:11:00.000', N'44.917639, -0.735070', N'Préparation énergie Lot 2', N'Montage R0 R1');
INSERT INTO BuildControl.dbo.CAPTURE (IDTYPECAPTURE, IDINCIDENT, IDCHANTIER, REFERENCE, DATE, COORDONNEESGPS, JALON, ETAPECAPTURE) VALUES (2, 1, 1, N'#00123', N'2020-10-21 08:02:00.000', N'44.917639, -0.735070', N'Préparation énergie Lot 3', N'Montage R0 R1');
INSERT INTO BuildControl.dbo.CAPTURE (IDTYPECAPTURE, IDINCIDENT, IDCHANTIER, REFERENCE, DATE, COORDONNEESGPS, JALON, ETAPECAPTURE) VALUES (2, null, 1, N'#00124', N'2020-10-26 07:59:00.000', N'44.917639, -0.735070', N'Préparation énergie Lot 2', N'Montage R0 R1');
INSERT INTO BuildControl.dbo.CAPTURE (IDTYPECAPTURE, IDINCIDENT, IDCHANTIER, REFERENCE, DATE, COORDONNEESGPS, JALON, ETAPECAPTURE) VALUES (2, null, 1, N'#00125', N'2020-10-29 08:24:00.000', N'44.917639, -0.735070', N'Préparation énergie Lot 3', N'Montage R0 R1');

-- URLCAPTURE
INSERT INTO BuildControl.dbo.URLCAPTURE (IDCAPTURE, URL) VALUES (1, N'09776545.jpg');  
INSERT INTO BuildControl.dbo.URLCAPTURE (IDCAPTURE, URL) VALUES (1, N'IG2234.mp4');    
INSERT INTO BuildControl.dbo.URLCAPTURE (IDCAPTURE, URL) VALUES (1, N'IG2235.mp4');    
INSERT INTO BuildControl.dbo.URLCAPTURE (IDCAPTURE, URL) VALUES (2, N'IG2236.mp4');    
INSERT INTO BuildControl.dbo.URLCAPTURE (IDCAPTURE, URL) VALUES (2, N'IG2237.mp4');    
INSERT INTO BuildControl.dbo.URLCAPTURE (IDCAPTURE, URL) VALUES (2, N'IG2238.mp4');    
INSERT INTO BuildControl.dbo.URLCAPTURE (IDCAPTURE, URL) VALUES (2, N'IG2239.mp4');    
INSERT INTO BuildControl.dbo.URLCAPTURE (IDCAPTURE, URL) VALUES (2, N'IG2240.mp4');    
INSERT INTO BuildControl.dbo.URLCAPTURE (IDCAPTURE, URL) VALUES (2, N'IG2241.mp4');    
INSERT INTO BuildControl.dbo.URLCAPTURE (IDCAPTURE, URL) VALUES (3, N'IG2242.mp4');    
INSERT INTO BuildControl.dbo.URLCAPTURE (IDCAPTURE, URL) VALUES (3, N'IG2243.mp4');    
INSERT INTO BuildControl.dbo.URLCAPTURE (IDCAPTURE, URL) VALUES (3, N'23467567.jpg');  
INSERT INTO BuildControl.dbo.URLCAPTURE (IDCAPTURE, URL) VALUES (3, N'35654356.jpg');  
INSERT INTO BuildControl.dbo.URLCAPTURE (IDCAPTURE, URL) VALUES (4, N'https://my.matterport.com/folders/uP8wSdfuhbC?page=1&ordering=-created&page_size=24&type=all&parent=uP8wSdfuhbC&organization=snn2BCakTPF');
INSERT INTO BuildControl.dbo.URLCAPTURE (IDCAPTURE, URL) VALUES (5, N'https://my.matterport.com/folders/uP8wSdfuhbC?page=1&ordering=-created&page_size=24&type=all&parent=uP8wSdfuhbC&organization=snn2BCakTPF');
INSERT INTO BuildControl.dbo.URLCAPTURE (IDCAPTURE, URL) VALUES (6, N'https://my.matterport.com/folders/uP8wSdfuhbC?page=1&ordering=-created&page_size=24&type=all&parent=uP8wSdfuhbC&organization=snn2BCakTPF');
INSERT INTO BuildControl.dbo.URLCAPTURE (IDCAPTURE, URL) VALUES (6, N'https://my.matterport.com/folders/uP8wSdfuhbC?page=1&ordering=-created&page_size=24&type=all&parent=uP8wSdfuhbC&organization=snn2BCakTPI');

-- APPLICATION
INSERT INTO BuildControl.dbo.APPLICATION (LIBELLE) VALUES (N'Desktop');
INSERT INTO BuildControl.dbo.APPLICATION (LIBELLE) VALUES (N'Mobile');

-- PROFILUTILISATEUR
INSERT INTO BuildControl.dbo.PROFILUTILISATEUR (LIBELLE) VALUES (N'Administrateur');   
INSERT INTO BuildControl.dbo.PROFILUTILISATEUR (LIBELLE) VALUES (N'Utilisateur');      

-- APPLIPROFIL
INSERT INTO BuildControl.dbo.APPLIPROFIL (IDAPPLICATION, IDPROFIL) VALUES (1, 1);
INSERT INTO BuildControl.dbo.APPLIPROFIL (IDAPPLICATION, IDPROFIL) VALUES (2, 2);

-- UTILISATEUR
INSERT INTO BuildControl.dbo.UTILISATEUR (IDPROFIL, NOM, PRENOM, DATEENREGISTREMENT, IDENTIFIANT, MOTDEPASSE, PREMIERECONNEXION, DATECHGMTMDP, ECHECCONNEXION, ACTIF) VALUES (1, N'Dupond', N'Marion', N'2021-07-01 11:55:14.000', N'I2021_MADU', N'I2021_MADU', 0, null, 0, 1)
INSERT INTO BuildControl.dbo.UTILISATEUR (IDPROFIL, NOM, PRENOM, DATEENREGISTREMENT, IDENTIFIANT, MOTDEPASSE, PREMIERECONNEXION, DATECHGMTMDP, ECHECCONNEXION, ACTIF) VALUES (2, N'Dupont', N'Antoine', N'2021-07-01 11:55:14.000', N'C2021_ANDU', N'C2021_ANDU', 0, null, 0, 1);

-- UTILCHANTIER
INSERT INTO BuildControl.dbo.UTILCHANTIER (IDUTILISATEUR, IDCHANTIER) VALUES (2, 1);  
INSERT INTO BuildControl.dbo.UTILCHANTIER (IDUTILISATEUR, IDCHANTIER) VALUES (2, 2);